Code,Description
19031.0,Mackey International Inc.: MAC
19032.0,Munz Northern Airlines Inc.: XY
19033.0,
19034.0,Golden Gate Airlines Inc.: GSA
19035.0,Aeromech Inc.: RZZ
19036.0,Golden West Airlines Co.: GLW 
19037.0,Puerto Rico Intl Airlines: PRN 
19038.0,Air America Inc.: STZ
19039.0,SWIFT AIRE LINES INC.: SWT
19040.0,AMERICAN CENTRAL AIRLINES: TSF
19041.0,Valdez Airlines: VEZ
19042.0,
19043.0,Altair Airlines Inc.: AAR
19044.0,
19045.0,Marco Island Airways Inc.: MRC
19046.0,Caribbean Air Services Inc.: OHZ
19047.0,Sundance Airlines: PRO
19048.0,Seair Alaska Airlines Inc.: SAI
19049.0,Southeast Airlines Inc.: SLZ
19050.0,Alaska Aeronautical Indust.: AAZ 
19051.0,Imperial Airlines Inc.: IMP
19052.0,Trans Western Airlines Utah: TWA
19053.0,Wright Airlines Inc.: WRT
19054.0,Presidential Express: COL
19055.0,Mississippi Valley Airlines: MVA
19056.0,Channel Flying Inc.: CHL
19057.0,Rocky Mountain Airways Inc.: JCZ
19058.0,Midstate Airlines Inc.: MIS
19059.0,Sedalia Marshall Boonvl Stg: STG 
19060.0,Inlet Airlines: CKI
19061.0,Command Airways Inc.: CMD
19062.0,Emerald Airlines: EMA
19063.0,
19064.0,Pan Am Express: RAN
19065.0,Air Micronesia Inc.: AJ 
19066.0,Sunbird Inc.: SKI
19067.0,Wings West Airlines: WWI
19068.0,Southcentral Air Inc.: AND
19069.0,Air Cargo Express Inc.: ACG
19070.0,Associated Aviation Act.: AAA
19071.0,Antilles Air Boats Inc.: AAB (1)
19072.0,AAA Airlines: AAE
19073.0,Argosy Air Lines Inc.: AAL
19074.0,Air Bahia: ABH
19075.0,Airbama Incorporated: ABI
19076.0,
19077.0,Alaska Central Airways Inc.: ACA
19078.0,ISLAND AIRLINES HAWAII INC.: ACH
19079.0,AAA-Action Air Carrier Inc.: ACI 
19080.0,Air Cargo Enterprises Inc.: ACO
19081.0,Air Chaparral Inc.: ACP
19082.0,Alamo Commuter Airlines: ACS
19083.0,Air Central Inc. (1): ACT
19084.0,Air Central Inc.: ACK
19085.0,Astec Air East Inc.: AEC
19086.0,American Flag Airlines Inc.: AFA
19087.0,Air Cargo America Inc.: AGA
,All Island Air: AIA
19089.0,Air Express Inc.: AIE
19090.0,Air Mont. Inc.: AIM
19091.0,Air Indiana: AIN
19092.0,Air-Lift Associates Inc.: ALE
19093.0,Brandt Air: ALI
19094.0,All Seasons Air Pacific: ALL
19095.0,North American Airlines Inc.: AMA
19096.0,American Inter-Island Inc.: AMI
19097.0,Air Nebraska Inc.: ANB
19098.0,Airways Of New Mexico Inc.: ANM
19099.0,Metro Air Northeast Vermont: ANO
19100.0,Air North/Nenana: ANT
19101.0,Trans New York: AOI
19102.0,Arizona Pacific Inc.: API
19103.0,Appalachian Flying Service: APL
19104.0,Air Polynesia Inc.: APY
19105.0,Arizona Aero Corp.: ARI
19106.0,Arnold Aviation: ARN
19107.0,Air Oregon: ARO
19108.0,ARROWHEAD AIRWAYS INC.: ARR
19109.0,Amistad Airlines: ASD
19110.0,Alpine Air Services Inc.: ASI
19111.0,
19112.0,Astro Airways: AST
19113.0,Air Atlantic Airlines Inc.: ATN
19114.0,Pacific National Airways: ATO
19115.0,ATLANTIS AIRLINES INC.: ATS
19116.0,Aerotransit Inc.: ATT
19117.0,AIR CAROLINA: ATX
19118.0,Air Vectors Airways: AVA
19119.0,Aero Virgin Islands Corp.: AVI
19120.0,Aviation Services: AVS
19121.0,Southern Jersey Airways: AVZ
19122.0,Business Aircraft Corp.: BAC
19123.0,Brennan & Hargreaves Inc.: BAH
,
19125.0,Bard-Air Corp.: BAR
19126.0,Baja Cortez Airlines: BCA
19127.0,Bennington Aviation Inc.: BEN
19128.0,
,Blackhawk Airways Inc.: BHK
19130.0,Bighorn Airways Inc.: BHO
19131.0,Birchwood Air Service: BIR
,Bremerton Aviation Inc.: BMT
19133.0,Boise Air Service: BOA
19134.0,Brower Airways Inc.: BRO
19135.0,Burlington Airways Inc.: BUR
19136.0,Coleman Air Transport: CAC
19137.0,Crawford Aviation Inc.: CAI
19138.0,
19139.0,Metro Air Northeast N Y: CAP
19140.0,Catalina Airlines Inc.: CAT
19141.0,Air Virginia: CAV
19142.0,Carriba Air Inc.: CBA
19143.0,Cen-Tex Airlines Inc.: CEN
19144.0,Century Airlines (Cal): CET 
19145.0,Chandler Flyer: CHD
19146.0,Charter Airlines: CHE
19147.0,Hammonds Commuter Air Serv.: CHF
,
19149.0,Christman Air System: CHS
19150.0,CAL SIERRA AIRLINES: CIS
19151.0,Centennial Airlines: CNN
19152.0,Cotton Belt Aviation Inc.: COB
19153.0,
19154.0,Commutair: COM
19155.0,Coral Air Inc.: COR 
19156.0,Cosmopolitan Comm. Airline: COS
19157.0,Southeastern Commuter: COT
19158.0,Courtesy Air Service Inc.: COU
19159.0,Capitol Air Lines: CPA
19160.0,Coastal Plains Commuter Inc.: CPC
19161.0,Commuter Airlines: CRA
19162.0,Crown Aviaiton Inc.: CRN
19163.0,Crown Airways Inc.: CRO
19164.0,Crested Butte Air Service: CRT
19165.0,Catskill Airways Inc.: CSK 
19166.0,Century Airlines: CTA 
19167.0,Cothron Aviation: CTH
19168.0,Catalina-Vegas Airlines: CVA
19169.0,Danbury Airlines: DAN
19170.0,Downeast Airlines Inc.: DEA
19171.0,Decatur Aviation: DEC
19172.0,DHL Airlines Inc.: DHL
19173.0,Dickman Aviation Services: DIC
19174.0,Desert Pacific Airways: DPA
19175.0,Desert Pacific Airlines Inc.: DPI
19176.0,Desert Airlines: DST
19177.0,Executive Aviation Inc.: EAI
19178.0,Eastern Caribbean Airways: EAS
19179.0,Eastern Carolina Aviation: ECI
19180.0,Ede Aire: EDE
19181.0,Executive Four Winds: EFA
19182.0,Eagle Commuter Airlines Inc.: EGL
19183.0,East Hampton Aire Inc.: EHA
19184.0,East. Indiana Aviation Sale: EIA
19185.0,Air Pacific Inc.: EKA
19186.0,Erie Airways Inc.: ERI
19187.0,Empire Aero Service: ERO 
19188.0,
19189.0,Federal Armored Service Inc.: FAR
19190.0,Young Flying Service: FBI
19191.0,Southern Airlines Inc.: FCA
19192.0,Florida Airlines Inc.: FDA
19193.0,Freedom Airlines Inc.: FDM
19194.0,FLAMENCO AIRWAYS INC.: FLM
,
19196.0,Foster Aviation: FOS
19197.0,Skycraft Inc.: FVA
19198.0,FAR WEST AIRLINES: FWA
19199.0,
19200.0,Gromer Aviation Inc.: GAV
19201.0,Central States Airline: GBA
19202.0,Golden Carriage Aire: GCA
19203.0,Midway Commuter: GCS 
,Green Hills Aviation Ltd.: GHA
19205.0,Green Mountain Airlines Ltd.: GMA
19206.0,Copper State Airlines: GOF
19207.0,Isle Royale Seaplane Serv.: GRO
19208.0,Golden South Airlines Inc.: GSL
19209.0,Gull Air Inc.: GUL
19210.0,Gunnel Aviation Inc.: GUN 
19211.0,Ross Aviation Inc.: GWE
19212.0,Heussler Air Service Corp: HEU
19213.0,Hensley Flying Service Inc.: HFS
19214.0,Long Island Airlines: HMZ
19215.0,Holiday Airlines Inc.: HOL
19216.0,Iowa Airlines: HOR
19217.0,Pacific Coast Airlines: HPZ 
19218.0,Trans-National Airlines Haw: HRA
,Scenic Airlines Inc.: HSZ
19220.0,Skystream Airlines: HUB
19221.0,Hawking Corporation: HWK
19222.0,HYANNIS AVIATION: HYA
19223.0,Iowa City Flying Service: ICF
19224.0,Idee Industries Inc.: III
19225.0,INLAND EMPIRE AIRLINES INC.: INA
19226.0,Indiana Airways Inc. (Pa): IND
19227.0,Indo-Pacific International: IPI
19228.0,Island Airlines: ISL
19229.0,Sunbelt Airlines Inc.: JAM
19230.0,Air Chico: JCM
19231.0,Jer-Don Air: JER
19232.0,Knight Airlines Inc.: KAI
19233.0,Key Airlines: KEE
,
19235.0,
19236.0,Lancer Aviation Inc.: LAN
19237.0,Lawrence Aviation: LAW
19238.0,Havasu Airlines: LHA
19239.0,Lakeland Aviation: LLA
19240.0,Aero Commuter: LOS
19241.0,Las Vegas Airlines: LVA
19242.0,Magum Airlines: MAG
19243.0,The Maui Commuter: MAI
19244.0,Marshall's Air Inc.: MAR
19245.0,Maxair Inc.: MAX
19246.0,Mid Continental Airlines In: MCO
,Metro Airlines: MDU
19248.0,Metroplex Airlines: MET
19249.0,Midway Aviation Inc.: MIY 
19250.0,MILLER AIR TRANSPORTERSINC: MLL
19251.0,Ocean Airways Inc.: MMH
19252.0,Cumberland Airlines: MNZ
19253.0,Merrimack Aviation Inc.: MRR
19254.0,Midwest Aviation: MST
19255.0,Arkansas Traveler Airline: MTA
19256.0,Metroflight Airlines: MTR
19257.0,National Air Commuter Inc.: NAC
19258.0,New Born Wings Inc.: NEB
19259.0,Nor East Commuter Airlines: NEC
19260.0,Nevada Airlines: NEV
19261.0,Northern Eagle Airways Inc.: NGL
19262.0,Newair Flight Inc.: NHA
19263.0,N. J. Merrimack Airlines: NJA
19264.0,E. J. A. Newport Inc.: NPT
19265.0,Northaire: NTH
19266.0,Lake State Airways: NUM
19267.0,New York Helicopter Corp.: NYH
19268.0,Harbor Airlines Inc.: OAK
19269.0,Ocean Reef Airways Inc.: OCR
19270.0,Offshore Logistics: OFF 
19271.0,Omaha Aviation: OHA
19272.0,Corporate Air Inc.: OIZ
19273.0,Omak Aviation Airlines: OMK
19274.0,Omni Pacific Airline: OMN
19275.0,Sun Aire Lines: OOZ
19276.0,Air Kentucky Air Lines: OWS
19277.0,Permian Airways Inc.: PAI
19278.0,Provincetown Boston: PBA
19279.0,Piasa Commuter Airlines: PCA
19280.0,Trans Southern Airways: PDA
19281.0,Pearson Aircraft: PEA
19282.0,Air Pennsylvania: PER
19283.0,Petro Aviation Corp.: PET
19284.0,Phillips Airlines: PHL
19285.0,Phoenix Airlines: PHX
19286.0,Pacific Island Airways: PIA
19287.0,Planes Inc.: PLA
19288.0,Polar Airways Inc.: PLZ
19289.0,
19290.0,Pioneer Airways: PNR
19291.0,Pocono Airlines Inc.: POC
19292.0,Pompano Airways: POM
19293.0,Ponderosa Aviation Inc.: PON
19294.0,Princeton Aviation Corp: PRA
19295.0,Pro Air Services: PRR
,Precision Valley Aviation: PVA
19297.0,Bar Harbor Airways: QOZ
19298.0,Royal-Air Ltd.: RAL 
19299.0,Realwest Airlines: REA
19300.0,Aerosun International Airlines Inc.: RED
19301.0,Royal Hawaiian Airways Inc.: RHA
19302.0,RICHARDSON AVIATION: RIC
19303.0,Indiana Airways Inc. (Reid: RID
19304.0,Rio Airways Inc.: RIO
19305.0,Riverside Air Service: RIV
19306.0,Michigan Airways Inc.: RJS
19307.0,Roederer Aviation Inc.: ROE
19308.0,Royal American Airways Inc.: ROY
19309.0,Air Rovers Inc.: RWG
19310.0,Sajen Air Inc.: SAJ
19311.0,Samoan Airlines Inc.: SAM 
19312.0,Air Cortez International: SAS
,
19314.0,SABER AVIATION INC.: SBA
19315.0,Suburban Airlines: SBN
19316.0,SEACO AIRLINES INC.: SCO
19317.0,Skyline Airlines: SCT 
,South Coast Airways: SCY
19319.0,Semo Aviation Inc.: SEM
19320.0,Stahmannfarms Inc.: SFI
19321.0,Sfo Helicopter Airlines Inc.: SFO
19322.0,SIERRA FLITE SERVICE INC.: SFS
19323.0,Shasta Air Inc.: SHS
19324.0,Shavano Air Inc.: SHV
19325.0,Silver State Airlines: SIA
19326.0,San Juan Airlines Inc.: SJA
,Bas Airlines: SKL
19328.0,Scheduled Skyways: SKM
19329.0,Stopher Mechanical Inc.: SMC
19330.0,Gelco Courier Services Inc.: SNC
19331.0,Shawnee Airlines: SNE
19332.0,Mall Airways Inc.: SOA
19333.0,Soonair Lines Inc.: SOL
19334.0,Springfield Air Service: SPF
19335.0,Sterling Air Service: SRL
,Southern Seaplane: SSP
19337.0,Sierra Express Inc.: SSS
19338.0,Seaplane Shuttle Transport: SST
19339.0,Trans East International: STF
19340.0,Star Aviation Corporation: STR
19341.0,Sun International Airways: SUI
19342.0,SUNBELT: SUT
19343.0,Sun Valley Airlines: SVL
19344.0,Sunwest Airlines: SWA
19345.0,Air Colorado: TAC
19346.0,Tejas Airlines Inc.: TAL
19347.0,Yosemite Airlines Inc.: TAS
19348.0,Trans Catalina Airlines: TCA
19349.0,Oceanair Line: TCE
19350.0,Trans California Airlines: TCI
19351.0,Trans-Central Airlines Inc.: TCL
19352.0,Trans-Colorado Airlines: TCO
19353.0,Tennessee Airways Inc.: TEN
19354.0,Terre Haute Air Commuter: TER
19355.0,Thorson Aviation: THO
19356.0,Trans Air Inc.: TIA
19357.0,Skyfreight: TIS
19358.0,Trans Mo Airlines: TMA
19359.0,Transtate Aviation: TNS
19360.0,Trans Pennsylvania Airlines: TRP
,Trans Sierra Airlines Inc.: TSI
19362.0,
19363.0,Temsco Airlines: TYE
19364.0,Universal Airways Inc.: UAI
19365.0,Air U.S.: USA
19366.0,Vagabond Aviation Inc.: VAG
19367.0,Britt Airlines Inc.: VER
19368.0,Viking Express: VIG
19369.0,Vale International Airlines: VIN
19370.0,Valley Airlines: VLY
19371.0,Air East Airlines: WAC
19372.0,Walker's International: WCA
19373.0,Mountainwest Airlines: WCI
,Western Star Airlines Inc.: WES
19375.0,Western Charter Inc.: WET
19376.0,Wheeler Airlines: WFS
19377.0,Wisc Air: WIA
19378.0,Will's Air: WIL
19379.0,Wings Airways: WNG
19380.0,Mcphillips Flying Service: ZFZ
19381.0,Air New Mexico: ZIA
19382.0,Winnipesaukee Aviation Inc.: ZMZ
19383.0,Skyway Aviation Inc.: ZYZ
19384.0,P.S. Air Freight Inc.: PSA
19385.0,Reeve Aleutian Airways Inc.: RV (1)
19386.0,NORTHWEST AIRLINES INC.: NW
19387.0,Wien Air Alaska Inc.: WC
19388.0,Southern Airways: FTI
19389.0,Air Florida Inc.: QH
19390.0,Air California Inc.: OC
19391.0,Pacific Southwest Airlines: PS (1)
19392.0,Rich International Airways: RIQ
19393.0,Southwest Airlines Co.: WN
19394.0,Mid-South Aviation Inc.: VL
19395.0,Mid-South Aviation Inc. (1): RCA
19396.0,Sky West Aviation Inc.: QG
19397.0,Republic Airlines Inc.: RC
19398.0,Dauphin Island Airways: DAU
19399.0,New York Air Inc.: NY
19400.0,Global International Airways Corp.: GIQ
19401.0,Colgan Airways Inc.: CJ
19402.0,Overseas National Airways: UNQ 
19403.0,Flight International: PTQ
19404.0,Academy Airlines: ACD
19405.0,Check-Air Inc.: ACL
19406.0,
19407.0,Airgo Inc.: AIG
19408.0,American Air Transport: AMT
19409.0,Bo-S-Aire Airlines Inc.: BOI
19410.0,Combs Airways Inc.: CMB
19411.0,Summit Airlines Inc.: DUZ 
19412.0,Eagle Aviation Inc.: EEZ
19413.0,Falwell Aviation Inc.: FAA
19414.0,Falcon Airways Inc.: FAC
19415.0,PINEHURST AIRLINES INC.: PHR
19416.0,Great Western Airlines Inc.: ROS
19417.0,Air Freight Express: RRT
19418.0,S. S. Airways Inc.: SSA 
19419.0,Aero Union Corp: XAA
19420.0,Air Express International Airlines: XAC
19421.0,Central American International: XAJ
19422.0,Michigan Peninsula Airways: XAT
19423.0,WTC Airlines: XBF
19424.0,Profit Airlines Inc.: XBH
19425.0,
19426.0,International Air Service: XBJ
19427.0,Aeronaves De Puerto Rico: XBQ
19428.0,Allstates Air Cargo Inc.: XBR
19429.0,Cam Air International Inc.: XAQ
19430.0,Purolator Sky Courier Inc.: XAZ
19431.0,Circle Airfreight Corp.: XBP
19432.0,Pacific Alaska Airlines Inc.: XBT
19433.0,Icb International Airlines: XBX
19434.0,Cohlmia Aviation: XAM
19435.0,Amerford Airways Inc.: XAE
19436.0,Astro-Wing Airlines Inc.: XAF
19437.0,Ball Brothers Inc.: XAG
19438.0,Burlington Northern Inc.: XAI
19439.0,Century Airlines Inc.: XAK
19440.0,Dallas Flight Center: XAO
19441.0,Jet Way Inc.: XAR
19442.0,Klondike Air Inc.: XAS
19443.0,Pat Air: XAY
19444.0,Phh Air Inc.: XBM
19445.0,Flight Line Inc.: XAU
19446.0,Viking International Airlines Inc.: CGL
19447.0,Capitol International Inc.: CL 
19448.0,Air Caravane Inc.: AEQ
19449.0,ARGO S. A.: AGQ
,Norontair: AIQ
19451.0,Alberta Northern Airlines: ALQ
19452.0,Aviacion Y Comercio S.A.: AO 
19453.0,Air Bvi Limited: BLQ
19454.0,Spantax S. A.: BXQ
,Dan Air Services: DA
19456.0,Maersk Air I/S: DM 
19457.0,Aerolineas Dominicanas S A: DOQ 
19458.0,Caribwest Airways Ltd.: DQQ
19459.0,Execaire Aviation Ltd.: EBQ
19460.0,Aero Trades (Western) Ltd.: ERQ
19461.0,Fast Air Carrier Ltd. (1): FAQ
19462.0,Business Flights Ltd.: HIQ
19463.0,Tar Airlines: HRQ
19464.0,Transavia Holland B. V.: HVQ 
19465.0,Iscargo Hf: ICQ
19466.0,TRADEWINDS AIRWAYS LTD.: IKQ
19467.0,Aerlinte Eireann Teoranta: IN
19468.0,Iran National Airlines Corp: IR
19469.0,Inair: IXQ 
19470.0,Allarco Developments Ltd.: JXQ
19471.0,Transmeridian Air Cargo Ltd.: KKQ
19472.0,Kelowna Flightcraft Air Cha: KWQ
19473.0,
19474.0,Millardair Limited: MAQ
19475.0,Montana Austria Flugetrieb: MGQ
19476.0,P.N. Merpati Nusantara Air.: MZ
19477.0,North Cariboo Flying Serv.: NFQ
,Norcanair: NKQ
,Northward Airlines Ltd.: NN
19480.0,North Coast Air Services: NSQ
19481.0,National Aviation Consult.: NTQ
19482.0,Air Niugini: NUQ
19483.0,Nunasi-Central Airlines Ltd.: ONQ
19484.0,
,Pem-Air Limited: PD (1)
19486.0,Eastern Provincial Airways: PV
19487.0,Pacific Western Airlines: PW
19488.0,Inter-Quebec (Intair): QB
,Syrian Arab Airlines: RB
19490.0,Aerotransportes Entre Rios: RSQ
19491.0,Redcoat Air Cargo Limited: RY
19492.0,Skycharter (Malton) Ltd.: SJQ
19493.0,Superior Airways Limited: SSQ
19494.0,Belize Airways Limited: ST
,Skycraft Air Transport Inc.: STQ
19496.0,Trans-Mediterranean Airways: TLQ
19497.0,British Caribbean Airways: TXQ
19498.0,Air Manila Inc.: UMQ
19499.0,Avalon Aviation Ltd.: VOQ
19500.0,Wardair Canada Inc.: WDQ
19501.0,GATEWAY AVIATION LIMITED: WGQ
19502.0,Windward Islands Airways: WM
19503.0,Nal Inc.: XBV
19504.0,Yellow Bird Air: YBQ
19505.0,Air Europe Limited: AE
19506.0,Intair: ND
19507.0,Yugoslav Airlines: JU (1)
19508.0,Union De Transports Aeriens: UT
19509.0,Air Haiti S. A.: HJ
19510.0,Servicio Aereo De Honduras: SH
19511.0,Sterling Airways A/S: NBQ
19512.0,Aerolineas El Salvador S A: SZQ
19513.0,Transp. Aereos Bolivianos: BOQ
19514.0,AERONAVES DEL PERU: ADQ
19515.0,Compania Dominicana De Avia: DO
19516.0,Nigeria Airways Ltd.: WT
19517.0,Lineas Aereas Paraguayas: PZ
19518.0,Lufthansa Cargo Airlines: GE
19519.0,Venezuelan International Airways: VA (1)
19520.0,Andes: ED 
19521.0,Compan. De Aviacion Faucett: CF
19522.0,Aviateca: GU (1)
19523.0,Canadian Airlines International Ltd.: CP (1)
19524.0,Guyana Airways Corporation: GY
,Seagreen Air Transport: ESQ
19526.0,Air Nauru: ON
19527.0,Aero Peru: PL
19528.0,Balair Ag: BBQ
19529.0,Sabena Belgian World Air.: SN (1)
19530.0,Air Afrique: RK
19531.0,Air Canada: AC
19532.0,Compagnie Natl Air France: AF 
19533.0,National Aviation Company of India Limited d/b/a Air India: AI
19534.0,Aeromexico: AM
19535.0,Aerolineas Argentinas: AR
19536.0,Royal Air Maroc: AT
19537.0,Aerovias Nacl De Colombia: AV
19538.0,Finnair Oy: AY
19539.0,Compagnia Aerea Italiana: AZ
19540.0,British Airways Plc: BA
19541.0,British Midland Airways Ltd.: BD
19542.0,
19543.0,Air China: CA
19544.0,China Airlines Ltd.: CI
19545.0,Cargolux Airlines International S.A: CV
19546.0,Icelandair: FI
19547.0,Iberia Air Lines Of Spain: IB
19548.0,Japan Air Lines Co. Ltd.: JL 
19549.0,Air Jamaica Limited: JM
19550.0,Korean Air Lines Co. Ltd.: KE
19551.0,
19552.0,Lan-Chile Airlines: LA
19553.0,Lloyd Aereo Boliviano S. A.: LB
19554.0,Lufthansa German Airlines: LH
19555.0,Polskie Linie Lotnicze: LO
,Lacsa: LR
,Luftransport-Unternehmen: LT
19558.0,El Al Israel Airlines Ltd.: LY 
19559.0,Compania Mexicana De Aviaci: MX
19560.0,N. W. Territorial Airways: NWQ
19561.0,Olympic Airways: OA
19562.0,Polynesian Airlines Ltd.: PH
19563.0,Pakistan International Airlines: PK
19564.0,Philippine Airlines Inc.: PR
19565.0,
19566.0,Qantas Airways Ltd.: QF
19567.0,Varig S. A.: RG
19568.0,Alia-(The) Royal Jordanian: RJ
19569.0,Tarom Romanian Air Transpor: RO
19570.0,South African Airways: SA
19571.0,Scandinavian Airlines Sys.: SK
19572.0,Singapore Airlines Ltd.: SQ
19573.0,
19574.0,Taca International Airlines: TA
19575.0,Thai Airways International Ltd.: TG
19576.0,Tap-Portuguese Airlines: TP
19577.0,Bahamasair Holding Limited: UP
19578.0,
19579.0,Heavylift Cargo Airlines Lt: HLQ
19580.0,Ladeco: UC
19581.0,Altus Airlines: ALT
19582.0,
19583.0,Aero International Airlines: BAA
19584.0,Northern Star: DIR
19585.0,Skytrain: SKT 
19586.0,Trans Air Cargo Inc.: TGO
19587.0,T-Bird Air Inc.: THQ
19588.0,Royal West Airways Inc.: ROA
19589.0,Air East Of Delaware Inc.: AED
19590.0,Atlanta Express: ALX
19591.0,Air New Orleans: AOR
19592.0,Air Vermont Inc.: AVR
19593.0,Dolphin Airways Inc.: DOL
19594.0,Devoe Airlines: DVO
,Golden Pacific Airlines: KIN 
19596.0,National Florida Airlines: NFA
19597.0,Slocum Air Inc.: SLO
19598.0,State Airlines Inc.: STA
19599.0,Air Molakai: TRO
19600.0,Williams Air Inc.: WIR
19601.0,Mission Air: WSU
19602.0,Guy-America Airways Inc.: HX (1)
19603.0,Pacific Express: VB (1)
19604.0,Northeastern International Airways: QS (1)
19605.0,Friendship Air Alaska: HAR
19606.0,Minuteman Aviation Inc.: MIN
19607.0,
19608.0,Flying Tiger Line Inc.: FT
19609.0,Aerocondor: OD (1)
19610.0,Emerald Airlines Inc.: OD
19611.0,Northern Airlines Inc.: NRN
19612.0,Pacific East Air Inc.: 6P
19613.0,
19614.0,AEROSERVICIOS ECUATORIANOS: EOQ
19615.0,Arista International Airlines Inc.: RAQ
19616.0,Kuwait Airways Corp.: KU
19617.0,Burlington Aeroplane Co.: BAY
19618.0,
,Lake Union Air Service: LAS
19620.0,Aer Turas Teoranta: QTQ
19621.0,
19622.0,Air Ontario Limited: GX
19623.0,Aer Lingus Plc: EI
19624.0,SAUDI ARABIAN AIRLINES CORP: SV
19625.0,Air Polynesia d/b/a DHL Cargo: XAB
19626.0,AIR NATL AIRCRAFT SAL & SER: XBZ
19627.0,A/S Conair: CIQ
19628.0,Dash Air Corporation: ANI
19629.0,Air Resorts Airlines: ARA
19630.0,Manu'a Air Transport: MUA
19631.0,Pacific Cal Air: PCL
19632.0,Service Aviation Inc.: SER
19633.0,The Time Machine: TTM
,Servicio De Carga Aerea Sa: CMQ
19635.0,Hapag Lloyd Flug.: HAQ
19636.0,Air One Inc.: CB
19637.0,Middle East Airlines S.A.L.: ME
19638.0,Arcata Flying Service: AFS
19639.0,
19640.0,
19641.0,MID-ATLANTIC EXP. AIRLINES: MAE
19642.0,National Commuter Airlines: NCA
19643.0,Sundorph Aeronautical Corp.: SAC
19644.0,
19645.0,All Star Airlines Inc.: EP
19646.0,Aeron International Airlines Inc.: AXQ
19647.0,Jet Fleet Intl. Airlines: JIQ
19648.0,Markair Express: HER
19649.0,Alaska Island Air Inc.: LSZ 
19650.0,Air Sunshine Inc.: AAT
19651.0,Eastman Airways Inc.: EAT
19652.0,Spirit Helicopter: SPH
19653.0,Air National: AHQ
19654.0,Executive Charter: EXC (1)
19655.0,Aviation Associates: SNA
19656.0,Airmarc Airlines Inc.: ARM
19657.0,Panorama Air Tours: PAT
19658.0,Trans-Air-Link Corporation: TKQ
19659.0,Audi Air Inc.: AAI
19660.0,Galaxy Airlines Inc.: GAQ
19661.0,INTL AIR SERVICE CO. LTD.: IDQ
19662.0,Transbrasil S.A.: TR (1)
19663.0,Hawkins And Powers Aviation: XCA
19664.0,Jet East Inc.: XBC
19665.0,Air Sedona: ARS
19666.0,Caribbean Express Inc.: CRE
19667.0,Tri-State Airlines Inc.: TFZ
19668.0,Frontier Horizon Inc.: FH
19669.0,Aermediterranea S.P.A.: AWQ
19670.0,Markair Inc.: BF (1)
19671.0,Air Tungaru Corporation: VK
19672.0,Resort Airlines Inc.: RES
19673.0,Alpine Air: AAV
,Americair Inc.: AME
19675.0,
,Silver Kris Services Ltd.: SKS
19677.0,Buffalo Airways Inc.: BFQ
19678.0,Aloha Airlines Inc.: AQ
19679.0,Air Spirit Inc.: APS
19680.0,Metro Express: EME
19681.0,Frontier Commuter: FRT
19682.0,Virgin Atlantic Airways: VS
19683.0,Airmark Corporation: MKQ
19684.0,INDEPENDENT AIR INC.: INQ
19685.0,Aerial Transit Company: TPQ
19686.0,Westflight Aviation: WFT 
19687.0,
19688.0,Midway Express Airlines: 2M 
19689.0,St. Lucia Airways Limited: SDQ
19690.0,Hawaiian Airlines Inc.: HA
19691.0,Pacific Air Express Inc.: XDA
19692.0,Trump Air: RIA
19693.0,North Pacific Airlines Inc.: NPA
19694.0,Flirite Inc.: FLR
19695.0,Talarik Creek Air Taxi: TAT
19696.0,Royale Airlines Inc.: RAY
19697.0,Worldways Canada Ltd.: WWQ
19698.0,Air Charter (Safa): AQQ
19699.0,Samoa Airlines Inc.: MB
19700.0,Alpha Air: APH
19701.0,Jetaire Airlines Inc.: JTA
19702.0,Haiti Air: KB
19703.0,Harbor Air Service: HSV
19704.0,Continental Air Lines Inc.: CO
19705.0,Interstate Airlines Inc.: IRQ
19706.0,Hawaii Pacific Helicopters: CLD
19707.0,Eastern Air Lines Inc.: EA
19708.0,Chisum Flying Service: CSM
19709.0,AVAIR: AMR
19710.0,Armstrong Air Service Inc.: AAP
19711.0,Eagle Airline: EGA
19712.0,Business Express Airlines: BEA
19713.0,Alliance Airlines: ACN
19714.0,Astor Air: ASR
19715.0,West Penn Commuter: BAT
19716.0,Barken International: BRK
19717.0,Commuter Airlines (Ca): CMR
19718.0,Cresent Medivac: CRH
,Coastal Air Transport: CTL
,Exec Express: EEX
19721.0,La Skycab Airline: LAA 
19722.0,National Air: NAT
19723.0,
19724.0,Southern Express Airways: SEP
,Turner Aire: TUR
19726.0,AAR Western Skyways: WSK
19727.0,Skybus Inc.: FW
19728.0,Caicos Caribbean Airways: CUQ
19729.0,Jet Express: BDE
19730.0,Regent Air Corporation: 4R
19731.0,Westates Airlines: WTA
19732.0,Action Airlines: AON
19733.0,California Seaboard: CAF
19734.0,Enterprise Airlines Inc.: ENT
19735.0,Island Air Express: IEX
19736.0,Maui Airlines: MAA
19737.0,Metro Express 11: MEX
19738.0,Otter Air: OTT
19739.0,Prime Air Inc.: PRM
19740.0,Sallee's Aviation: SAL
,Wrangell Air Service: WGL
19742.0,Atlantic Gulf Airlines: ZY
19743.0,Skyworld Airlines Inc.: PKQ
19744.0,Presidential Airways Inc.: XV
19745.0,Caribbean Air Cargo Co Ltd.: DC
,P.T. Garuda Indonesian Arwy: GA
19747.0,
19748.0,Bay Air: BYA
19749.0,Five Star Airlines: FFQ
19750.0,King Flying Service: KFS
19751.0,Le Point Air: LEQ
19752.0,Barrow Air: BRW
19753.0,
19754.0,CITYHOP: CCA
19755.0,
19756.0,Iowa Airways: IOW
19757.0,Mountain West Airlines: MWA
19758.0,Resort Commuter: RSC
19759.0,Texas National Airlines: TXA
19760.0,Air Hawaii: AHC
19761.0,Aerotal: XK
19762.0,Air L.A.: ALS
19763.0,
19764.0,Air Link Airways: ALK
19765.0,Million Air: BFG
19766.0,Helitrans: HEL
19767.0,La Helicopter: LAH
19768.0,Omniflight Helicopters: OMH
19769.0,Reeves Air: RVA
19770.0,Compania Panamena (Copa): CM
19771.0,Zas Airline Of Egypt: ZAQ
19772.0,Polar International: POL 
19773.0,
19774.0,Airways International: AIT
19775.0,Chicago Airlines: CGA
19776.0,Royal West Airlines: YM
19777.0,Airpac Inc.: XYZ
,Aerovias Venezolanas-Avensa: VE
19779.0,Cathay Pacific Airways Ltd.: CX
19780.0,
19781.0,STATESWEST AIRLINES: STW
19782.0,Executive Transport: EXR
19783.0,Propheter Aviation: PRP
19784.0,Wise Airlines Inc.: WAI
19786.0,Haines Airways: HNS
19787.0,Great American Airways: FDQ
19788.0,Air Puerto Rico Airlines: FD
19789.0,Viacao Aerea Sao Paulo: VP
19790.0,Delta Air Lines Inc.: DL
19791.0,ALL NIPPON AIRWAYS CO.: NH
19792.0,International Parcel Express Inc.: XDD
,Anglo Airlines Ltd.: AZQ
19794.0,Midcontinent Airlines: MDC
19795.0,Malaysian Airline System: MH 
19796.0,Pilgrim Aviation & Airlines: PMT
19797.0,Florida Express Inc.: ZO
19798.0,Orion Air: OPQ
19799.0,Nationair: NAQ
19800.0,Air Cape: APE
19801.0,Lake Coastal: LCT
,Mst Aviation: MTV
19803.0,First Air: 7F
19804.0,Transportes Aereos De Cabo: VR
19805.0,AMERICAN AIRLINES INC.: AA
19806.0,Air Charter Systems (Acs): WAQ
19807.0,Helitac Aviation: HET
19808.0,Belize Air International Ltd.: BM
19809.0,Highland Express Airways: VY
19810.0,Mid Pacific Airlines Inc.: MPA
19811.0,Aero Tranportes Panamenos: ATQ
19812.0,
19813.0,Air Caribe International: ARB
19814.0,Air South (1): ASU
19815.0,Air South: ASH
19816.0,Bangor International Air: BAN
19817.0,Chester County Aviation: CCO
19818.0,East Coast Airways: ECR
19819.0,Hub Express: HEP
19820.0,Tropical Helicopter Airways: THA
19821.0,Turk Hava Yollari A.O.: TK
19822.0,Piedmont Aviation Inc.: PI
,Air Train Inc.: XDE
19824.0,Haiti Air Freight Intl: HFQ
19825.0,Ketchikan Air Service: KET
19826.0,Salair Inc.: XDF
19827.0,Npa Inc.: NAP
19828.0,Air America: GM
19829.0,Time Air Ltd.: KI
19830.0,Nippon Cargo Airlines: KZ
19831.0,Seagull Air Service: SEG
19832.0,Nasville Eagle: NAS
19833.0,Aleutian Air: ALU
19834.0,Custom Air Service: CUS
19835.0,GCS Air Service: GSC 
19836.0,Golden State Airlines: GST
19837.0,Springdale Air: SPG
19838.0,Sportsman Flying Service: SPR
19839.0,Saeta Airlines: EH
19840.0,Aerolineas Mundo: MUQ
19841.0,Tropical Airways Inc.: GG (1)
19842.0,Grenada Airways Ltd.: GG (2)
19843.0,MID PACIFIC AIR CORP.: MPC
19844.0,Exec Express II: EET
19845.0,Taquan Air Service: TAQ
19846.0,Chartair: CTR
19847.0,Laredo Air: LAR
19848.0,Qwest Commuter: QWE
19849.0,Tri Air Freight: TAF 
19850.0,Wra Inc.: WRA
19851.0,Zambia Airways Corp.: Q2
19852.0,Swissair Transport Co. Ltd.: SR
19853.0,Airlift International: ARD
19854.0,Pacair: PCR
,Bradley Air Services Ltd.: BCQ 
,Corse Air International: CYQ
19857.0,IRAQI AIRWAYS: IA
19858.0,Monarch Airlines: ZB
19859.0,Vacationair: VAQ
19860.0,Lineas Aereas La-Tur Sa: LUQ
19861.0,Holidair Airways: HOQ
19862.0,Aerovias S.A.: AOQ
19863.0,Alas De Transporte International: APQ
19864.0,
19865.0,Haiti Trans Air: TV
19866.0,Canadian Aviation Express: CWQ
19867.0,Japan Air System Co. Ltd.: JD (1)
19868.0,Manhattan Express: MEA 
19869.0,Britannia Airways Ltd.: BY
19870.0,Aero Freight: AEF
19871.0,Panama Aviation: PNM
19872.0,Welch Aviation: WLH
19873.0,Austrian Airlines: OS
19874.0,Air Transport International: 8C
19875.0,Aero California: JR
19876.0,HERITAGE AIRLINES: HRG
19877.0,Kitty Hawk Air Cargo: XDH
19878.0,Columbia Pacific Airlines (1): EXA
19879.0,Columbia Pacific Airlines: CLB
,Central States Air Lines: CSL
19881.0,Mohawk Airlines: MHK
19882.0,Skymaster: SYM
19883.0,Novair International Airways Ltd.: NVQ
19884.0,TPI INTERNATIONAL AIRWAYS: TSQ
19885.0,UNIVERSAL AIRLINES INC.: UTQ
19886.0,Aruba Cargo: IPQ
19887.0,Latcr: LCQ
19888.0,Transcarga: TDQ (1)
19889.0,VENEXCARGO: TDQ
19890.0,Aeroejecutivos C.A.: EJQ
19891.0,Aeropuma: PUQ
19892.0,AERONAUTICA DE CANCUN: ACQ
19893.0,Aerovias Colombianas Arca: ARQ
19894.0,Zuliana De Aviacion: ZUQ
19895.0,Interamericana De Aviacion: ITQ
19896.0,Fast Air Carrier Ltd.: UD 
,Lineas Aereas Mayas (Lamsa): MYQ
19898.0,Emery Worldwide Airlines: TNQ
19899.0,Hong Kong Dragonair: KA
19900.0,Air Marshall Islands Inc.: CW 
19901.0,Blue Bell Inc.: BUQ (1)
19902.0,WRANGLER AVIATION INC.: BUQ
19903.0,Conquest Airline Corp.: CQI
19904.0,Air Southeast: ATH
19905.0,California Air Shuttle: CLF
19906.0,Northcoast Executive: NCE
19907.0,Scott Aviation: SCN
19908.0,Trans Air (Hawaii): TXE
19909.0,Air Belgium: BEQ
19910.0,Aerolineas Latinas: LNQ
19911.0,Air Aruba: FQ
19912.0,Cayman Airways Limited: KX
19913.0,nan 
19914.0,
19915.0,Sea Air Shuttle: SAH
19916.0,Primeras Lineas Uruguays For International: PU
19917.0,United Parcel Service: 5X
19918.0,Gulf Air Taxi: GAT
19919.0,Adirondack Airlines: ADR
19920.0,Corporate Air: CRP
19921.0,Drummond Island Air: DIA
19922.0,Gulf Flite Center: GFC
19923.0,Lapsa: LAP
19924.0,L'Express: LEX
19925.0,Travelair: TVL
19926.0,Valley Air Services: VAS
19927.0,
19928.0,Central American Airlines: GW (1)
19929.0,Charter One: CHT
19930.0,
19931.0,Regal Air: 2R
19932.0,Apa International Air S.A.: 7P
19933.0,Air New Zealand: NZ
19934.0,Das Air Cargo: SE (1)
19935.0,Star Aviation: SRA
19936.0,Territorial Airlines: TRR
19937.0,Loken Aviation: LKN
19938.0,Dawn Air: DWN
19939.0,Flying Boat: FYB
19940.0,Caraven S.A.: CVQ
19941.0,Trans Europ. Airways France: EFQ
19942.0,
19943.0,Allied Airlines: ALD
19944.0,AIRVANTAGE: AVG
19945.0,Chicago Air Taxi: CGO
19946.0,Great Western Aviation: GWA 
19947.0,Paradise Island Airlines: PRD
19948.0,Redwing Airways: RDW
19949.0,
19950.0,FLAGSHIP EXPRESS SERVICES: 9R
19951.0,BRANIFF INTERNATIONAL AIRLINES INC.: BE
,Carnival Air Lines Inc.: KW
19953.0,Transportes Aereos Mercantiles Panamericanos S.A: QT
19954.0,Japan Air Charter Co. Ltd.: JZ
19955.0,Affretair: ZL
19956.0,Servicios Avensa: VC
19957.0,Mcclain Airlines Inc.: MU (1)
19958.0,China Eastern Airlines: MU
19959.0,Dulles Express: DUL
19960.0,Skybus Express Airlines: SYB
19961.0,Air Transat: TS
19962.0,Hawaii Pacific Air: XAH
19963.0,World Air Network: WL (1)
19964.0,Island Express: IPS
19965.0,Rocky Mountain Helicopters: RMH
19966.0,Sierra Nevada Airways: SNV
19967.0,Trans World Express: TWE
19968.0,Arizona Pacific Airways: AZP
19969.0,INTERNATIONAL CARGO XPRESS: XPQ
19970.0,NORTHEAST EXPRESS REGIONAL (1): NER
19971.0,Northeast Express Regional: NEX 
19972.0,Av Atlantic: HCQ
19973.0,Aerotour Dominicano Cxa: RTQ
19974.0,Aero Uruguay (1): ROQ
19975.0,Aero Uruguay: URQ
19976.0,Air North: 4N
19977.0,United Air Lines Inc.: UA
19978.0,Air Alpha: AHA
19979.0,Alliance Air: AIY
19980.0,Florida Air: FLA
19981.0,Patriot Airlines Inc.: PAQ
19982.0,USAir Shuttle: TB (1)
19983.0,
19984.0,Translift Airways Limited: FB
19985.0,Turks Air Ltd.: KTQ
19986.0,Turks Air Ltd. (1): BHQ
19987.0,Advantage Airlines: ADV
19988.0,Air West Airlines: AWA
19989.0,Keene Airways: KEA
19990.0,Sky One Express: SOE
19991.0,America West Airlines Inc.: HP (Merged with US Airways 9/05.Stopped reporting 10/07.)
19992.0,Hispaniola Airways: ZS
19993.0,Airmark Airlines Inc.: AKQ
19994.0,Reno Air Inc.: QQ
19995.0,Aces Airlines: VX (1)
19996.0,Nicaraguense De Aviacion Sa: 6Y
19997.0,Jet America Airlines Inc.: SI (1)
19998.0,Sierra Pacific Airlines: SI
19999.0,South Pacific Island Airway: SOP
20000.0,Time Air Sweden Ab: HK
20001.0,Tranps Aereos Guatemaltecos: TGQ
20002.0,Morris Air Corporation: KN
20003.0,Balkan Bulgarian Airlines: LZ
20004.0,Cal Air International Ltd.: BR (1)
20005.0,Eva Airways Corporation: BR
20006.0,Capitol Air Express Inc.: CPQ
20007.0,Atlas Air Inc.: 5Y
20008.0,Ram Aviation: RMV
20009.0,Eclipse Airlines: ECL
20010.0,Aero Transcolombiana: CLQ
20011.0,Air Casino: ASN
20012.0,
20013.0,Rader Aviation: RDR
20014.0,Trans American Charter: ECQ
20015.0,Export Air Del Peru S.A.: EXQ
20016.0,Lineas Aereas Allegro: LGQ 
20017.0,
20018.0,J.D.Valenciana De Aviation: V5
20019.0,Private Jet Expeditions: 5J (1)
20020.0,Eagle Airlines: V9
20021.0,Eagle Airlines (1): ECA
20022.0,Leisure International Airways Ltd.: LZQ
20023.0,Malev Hungarian Airlines: MA
20024.0,Serv. Aerolineas Mexicanas: SMQ
20025.0,Lineas Aereas Suramerican: LSQ
20026.0,Quassar De Mexico: OMQ
20027.0,Oasis International Airlines S.A.: OB
20028.0,Aerochago S.A.: G3 (1)
20029.0,Transp. Aereos Ejecutivos: GD
20030.0,Aerolineas Uruguayas S.A.: UYQ
20031.0,People Express Airlines Inc.: PE (1)
,Air Europe S.P.A.: PE
20033.0,UFS Inc.: U2
20034.0,Pacific International Airlines: PIQ
20035.0,Air Florida Express: AFE
20036.0,American Flight Group: AFG
20037.0,Aviation Sales: AVL
20038.0,Business Helicopters: BUH
20039.0,FOUR STAR AVIATION: FRS
20040.0,Sky-Jet: SKJ
20041.0,Salair: SLR
20042.0,Southern Air Transport Inc.: SAQ
20043.0,Air Ukraine: 6U
20044.0,Aeromonterrey S.A.: 7M
20045.0,Biman Bangladesh Airlines: BG 
20046.0,Air Wisconsin Airlines Corp: ZW
20047.0,Caribair: CRB
20048.0,Gorda Aero Service: GRA
20049.0,Western Air Lines Inc.: WA (1)
20050.0,Worldwide Airlines Services: WA
20051.0,USAfrica Airways Inc.: E8 
20052.0,Skyjet S.A.: SBQ
20053.0,Servicio Aereo Leo Lopez: 8L
20054.0,Gulf Air Transport Inc.: GF (1)
20055.0,Gulf Air Company: GF 
20056.0,
20057.0,NAN 
20058.0,Air Pacific Ltd. (1): FJ (1)
,Air Pacific Ltd.: FJ
20060.0,Air South Inc. (1): WV (1)
20061.0,Air South Inc.: ASC
20062.0,Island Air Charters: ICH 
20063.0,Pacificair: PFA
20064.0,Ghana Airways Corporation: GH
20065.0,Sky Service F.B.O.: SEQ
20066.0,Advance Air Charters: AAQ
20067.0,Mahalo Air: MHO
20068.0,Capitol Air: CPT
20069.0,Dolphin Express: DXA
20070.0,Grand Airways Inc.: QD
20071.0,Jetall Airways: 8J
20072.0,SCANAIR: SIQ (1)
20073.0,Premiair: SIQ
20074.0,Renown Aviation: REQ
20075.0,Aeromar C. Por A.: BQ
20076.0,Texas Airways: TXY
20077.0,Halisa Air: WD
20078.0,Western Pacific Airlines: W7
20079.0,Brasair Transportes Aereos: BTQ
20080.0,Uzbekistan Airways: HY
,
20082.0,Pine State Airlines: PNS
20083.0,Sunshine Airlines: SUA
20084.0,Aspen Airways Inc.: APN
20085.0,AEROMEXPRESS: QO
20086.0,Tristar Airlines Inc.: T3
20087.0,Sierra Expressway: SXP
20088.0,Tower Air Inc.: FF
20089.0,Serv De Trans Aereos Fuegui: FS
20090.0,Royal Air: QN
20091.0,Krasair: 7B 
20092.0,MERLIN EXPRESS: MLX
20093.0,Custom Air Transport: CTQ
20094.0,Jettrain Airlines: LF (1)
20095.0,World Airways Inc.: WO
20096.0,Mexicargo: GJ (1)
20097.0,Prestige Airways: OI
20098.0,Eagle Jet Charter: EGJ 
20099.0,Laker Airways Inc.: 6F
20100.0,POLAR AIR CARGO AIRWAYS: PO
20101.0,Southern Frontier Air Trans: SFQ (1)
20102.0,Pacific International Airlines Inc.: SFQ 
20103.0,North East Cargo Airlines: NEQ
,Transaero Airlines: UN
20105.0,Ecuatoriana De Aviacion: EU
20106.0,Sunworld International Airlines: SM
20107.0,Federal Express Corporation: FX
,Northern Air Cargo Inc.: NC
20109.0,BLUE SCANDINAVIA AB: TRQ
20110.0,Antonov Company: ADB
20111.0,DHL Aero Expresso: DHQ
20112.0,Maverick Airways: MAV 
20113.0,Golden West Airlines Inc.: GDW
20114.0,Air Caribbean (1): XC
20115.0,Air Caribbean: AIC
20116.0,Canada 3000 Airlines Ltd.: 2T
20117.0,Sobelair: Q7 (1)
20118.0,Air Illinois Inc.: UX (1) 
20119.0,Air Europa: UX
20120.0,Condor Flugdienst: DE
,Air Atlantic Dominicana: LU
20122.0,Mountain Air Express: MTX
20123.0,Aeroejecutivo S.A.: SX (1)
20124.0,City Bird: H2
20125.0,Panagra Airways: PNQ
20126.0,LAKER AIRWAYS: GKQ
20127.0,Lb Limited: 7Z
20128.0,Flying Colours Airlines Ltd.: MT (1)
20129.0,Sky Trek International Airlines: 1I
20130.0,M & N Aviation: MNA
20131.0,Jim Air Inc.: JMA
20132.0,Cascade Airways Inc.: CZ (1)
20133.0,China Southern Airlines: CZ
20134.0,Jamaica Air Freighters: JAQ
20135.0,Nacnet: NET
20136.0,Magadan Airlines: H5
,Sunworld International Airways Inc.: JK (1)
,Spanair S.A.: JK
20139.0,Air Atlanta Inc.: CC (1)
20140.0,Air Atlanta Icelandic: CC
20141.0,Austin Express Inc.: AUX 
,Flagship Airlines Inc.: 8N
20143.0,Kiwi International: KP
20144.0,Transportes Aereos Nacional: TX (1)
20145.0,Soc.Nouvelle Air Guadeloupe: TX
20146.0,Sun Pacific International: SPQ 
20147.0,TransMeridian Airlines: T9
20148.0,Martinair Holland N.V.: MP
20149.0,Florida West Airlines Inc.: PRQ
20150.0,Harlequin Air Corporation: HQQ
20151.0,Amerijet International: M6
20152.0,Aviacsa Airlines: 6A
20153.0,Ethiopian Airlines: ET
20154.0,Airbus Transport Internat'l: BGQ
20155.0,Aeropostal Alas De Venezuel: VH (1)
20156.0,ABSA-Aerolinhas Brasileiras: M3
20157.0,Swiss World Airways: SO
20158.0,Av Center Inc.: AVC
20159.0,Express Air d/b/a Sunrise: XPA
20160.0,Braniff Inc.: BN (1)
20161.0,Britannia Airways GmbH: BN 
20162.0,Air Tahiti Nui: TN
20163.0,Translux Intl Airlines: LXQ (1)
20164.0,Accessair Holdings: ZA
20165.0,Queen Air: 5G (1) 
20166.0,Gulf And Caribbean Cargo: GFQ
20167.0,Transportes Aeros Meridiona: JJ
20168.0,EASTWIND AIRLINES INC.: W9
20169.0,Lynden Air Cargo Airlines: L2
20170.0,Mesaba Airlines: XJ
20171.0,American International Airways Inc.: NI (1)
20172.0,Lanica: NI
20173.0,Kitty Hawk International: CDQ
20174.0,Air Ketchum Idaho Inc.: AIK
20175.0,LUXAIR: LG
20176.0,National Airlines: N7
20177.0,Asia Pacific: PFQ
20178.0,Lorair Ltd.: LOQ
20179.0,TUIfly Nordic A.B.: 6B
20181.0,Trans International Express: TIE
20182.0,Lapa-Lineas Aereas Privadas: MJ
20183.0,Czech Airlines: OK
20184.0,Novair Airlines Ab: NOQ
20185.0,Jalways Co. Ltd.: JO
20186.0,Sterling Cargo: NB
20187.0,The Hawaii Express Inc.: LP (1)
20188.0,Lan Peru Airlines: LP
,Aero Continente: N6
20190.0,SOUTHERN AIR INC.: 9S
20191.0,Fine Airlines Inc.: FNQ
20192.0,Vanguard Airlines Inc.: NJ
20193.0,Gemini Air Cargo Airways: GR
20194.0,Arrow Air Inc.: JW
,Sky Lease Cargo: WI
20196.0,Air Malta: KM
20197.0,Casino Airlines (1): CSN
20198.0,
20199.0,Farwest Airlines: FRW
20200.0,C.A.L Cargo Airlines: 5C
20201.0,Ameristar Air Cargo: AMQ
20202.0,Chicago Express Airlines: C8 (1)
20203.0,Falcon Air Express: FCQ
20204.0,Champion Air: MG
20205.0,Aeromaritime: OV
20206.0,Jazz Aviation LP: QK
20207.0,XTRA Airways: XP
20208.0,Taca Peru: TQQ 
20209.0,Air Japan Co: NQ
20210.0,Privatair: PBQ
20211.0,Trans World Airways LLC: TW
20212.0,Sunair Express LLC: SUX
20213.0,POLYOT AIRLINES: POQ
20214.0,Avia Leasing Company: AD (1)
20215.0,Best Airlines Inc.: IW (1)
20216.0,Air Liberte Aka Aom Minerve: IW
,Air Excursions LLC (1): AEX
20218.0,Express One International Inc.: JKQ
20219.0,Village Aviation: VLA
20220.0,Air 21: A7 (1)
20221.0,Air Comet S.A.: A7
20222.0,Estafeta Carga Aereas: E7
20223.0,F.S. Air Service: FSA
20224.0,Katmai Air: KAT
20225.0,Peninsula Airways Inc.: KS
20226.0,Spernak Airways Inc.: SNK
20227.0,Vensecar International: V4
20228.0,Suncoast Airlines Inc.: WS (1)
20229.0,Westjet: WS
20230.0,Lineas Aereas Azteca: ZE (1)
20231.0,Dutch Caribbean Airlines: K8
20232.0,
20233.0,Swiss International Airlines: LX
20234.0,Edelweiss Air Ag: 8R
20235.0,Conner Air Lines Inc.: 4S (1)
20236.0,Sol Air (Aero Hunduras): 4S 
20237.0,Trans States Airlines: AX
20238.0,
20239.0,All Canada Express: CEQ
20240.0,Ccair: SNB
20241.0,Sunrise Airlines Inc.: ASW
20242.0,North Vancouver Air: NXQ
20243.0,Valujet Airlines Inc.: J7
20244.0,Potomac Air: POA
20245.0,Great Plains Airlines Inc.: TRI
20246.0,Atlantic Coast Jet Inc.: ACJ
20247.0,Rio Grande Air: EWA
20248.0,Wilburs Inc.: 8F
20249.0,
20250.0,Aerolitoral: 5D
20251.0,
20252.0,
20253.0,Cape Air: 9K
20254.0,Colgan Air: 9L
20255.0,Central Mountain Air: 9M
20256.0,Arizona Airways: ARZ
20257.0,Bemidji Airlines: CH
20258.0,Big Sky Airlines Inc.: GQ
,European Aviation Air Charter: E72
20260.0,WORLDWIDE AIRLINES INC.: WLQ
20261.0,Ellis Air Taxi Inc.: ELL
20262.0,
20263.0,Empire Airlines Inc.: EM
20264.0,EMPIRE AIRLINES INC. (2): EMP
20265.0,Freedom Airlines d/b/a HP Expr: F8
20266.0,G5 Executive Ag: GBQ
20267.0,Grand Canyon Helicopters: GCH
20268.0,Global Supply System: GSQ
20269.0,Allegheny Airlines: HRZ
20270.0,Helijet International Inc.: JB 
20271.0,Winair Inc.: WNQ
20272.0,Kenmore Air Harbor: KAH
20273.0,New England Airlines Inc.: NEW
20274.0,Northwest Seaplanes: NWS
20275.0,
20276.0,Ozark Air Lines Inc.: OZA
20277.0,Asiana Airlines Inc.: OZ
20278.0,Mytravel Airways: RNQ
20279.0,Air-Serve: RSV
20280.0,"Seaborne Virgin Islands, Inc.: SEB"
20281.0,Mountain Bird/Salmon Air: S6 (1)
20282.0,Samoa Aviation Inc.: SMO
20283.0,Trans Continental Airlines: YB
20284.0,Express.Net Airlines: TCQ
20285.0,Ward Air: WRD
20286.0,Vintage Props & Jets Inc.: VQ
20287.0,Island Air Hawaii: WP
20288.0,Trans International Airlines Inc.: TFQ
20289.0,Friday Harbor Seaplanes: WST
20290.0,Air St. Thomas: ZP
20291.0,Air Midwest Inc.: ZV
20292.0,Airbc Ltd.: ZX (1)
20293.0,Air Georgian: ZX
20294.0,JETSGO: SG
20295.0,Midway Airlines Inc. (1): ML (1)
20296.0,Aero Costa Rica: ML
20297.0,MIDWAY AIRLINES INC.: JI (1)
20298.0,Jes Air Ltd.: JX (1)
20299.0,Southeast Airlines: JX
20300.0,Pacific Wings Airlines: LW
20301.0,Kar-Air Oy: KR (1)
,Kitty Hawk Aircargo: KR
,Nolinor Aviation: NLQ
20304.0,SkyWest Airlines Inc.: OO
20305.0,Pace Airlines: PCQ
20306.0,Challenge Air Transport Inc.: VV (1)
,Challenge Air International Inc.: VV (2)
20308.0,Centurion Cargo Inc.: WE
20309.0,Aerosvit Ukranian Airlines: VV
20310.0,
20311.0,Jet Connection Businessflight Ag: JCQ
20312.0,ATA Airlines d/b/a ATA: TZ
20313.0,Cargojet Airways Ltd.: W8
20314.0,"MIDWEST AIRLINE, INC.: YX (1)"
20315.0,Bellair Inc. (1): 7G (1)
20316.0,Bellair Inc.: 5B
20317.0,MK Airlines Ltd.: 7G
20318.0,Olson Air Service: 4B (1)
20319.0,Smokey Bay Air Inc.: 2E
20320.0,Frontier Flying Service: 2F
20321.0,British Airtours Limited: 4E 
20322.0,"Bidzy Ta Hot Aana, Inc. d/b/a Tanana Air Service: Z3"
20323.0,Warbelow: 4W
20324.0,Yute Air Aka Flight Alaska: 4Y
20325.0,Arctic Circle Air Service: 5F
20326.0,Cape Smythe Air Service: 6C
20327.0,"Corvus Airlines, Inc d/b/a Era Aviation d/b/a Ravn Alaska: 7H"
20328.0,Inland Aviation Services: 7N
20329.0,Skystar International Inc.: 7S (1)
20330.0,Ryan Air f/k/a Arctic Transportation: 7S
20331.0,Bering Air Inc.: 8E
20332.0,Baker Aviation Inc.: 8Q
20333.0,Wright Air Service: 8V
20334.0,Thomas Cook Airlines Uk Ltd.: MT
20335.0,
20336.0,Hageland Aviation Service: H6
20337.0,Kalinin Aviation LLC d/b/a Alaska Seaplanes: J5
20338.0,Larrys Flying Service: J6
20339.0,L.A.B. Flying Service Inc.: JF
20340.0,"Seaport Airlines, Inc.: K5"
20341.0,Alaska Central Express: KO 
20342.0,40-Mile Air: Q5
20343.0,Airlift International Inc.: RD (1)
20344.0,Ryan International Airlines: RD
,Regency Air: RGQ
20346.0,Iliamna Air Taxi: V8
20347.0,Pro Air Inc.: P9
20348.0,Lan Ecuador: XL
20349.0,Promech: Z3 (1) 
20350.0,
20351.0,Primaris Airlines Inc.: FE
20352.0,Westward Airways Inc.: WAW
20353.0,"Dynamic Aviation, Inc. d/b/a Beacon: 8D"
20354.0,Aerodynamics Inc. d/b/a SkyValue d/b/a SkyValue Airways: AJQ
20355.0,US Airways Inc.: US (Merged with America West 9/05. Reporting for both starting 10/07.)
20356.0,Skyway Airlines: AL
20357.0,"Astar USA, LLC: ER"
20358.0,Great Lakes Airlines: ZK
20359.0,Triair Bermuda Flt Operations: TBQ
20360.0,Sata Internacional: S4 
20361.0,Valley Air Express Inc.: 2U
20362.0,China Cargo Airline: CK
20363.0,Endeavor Air Inc.: 9E
20364.0,Canjet Airlines: C6
20365.0,Aviation Concepts: CZQ
20366.0,ExpressJet Airlines LLC: EV
20367.0,
,Allegiant Air: G4
20370.0,Kalitta Air LLC: KAQ
20371.0,Reliant Airlines: RLQ
20372.0,Kalitta Charters II: KLQ
20373.0,Propair: PPQ
20374.0,ExpressJet Airlines Inc.: XE
20375.0,First Choice Airways: TZQ
20376.0,"Mn Aviation, Inc.: W4"
20377.0,Omni Air International LLC: X9
20378.0,Mesa Airlines Inc.: YV
20379.0,Zantop International: ZKQ
20380.0,SkyLink Express Inc.: PEQ
20381.0,Air Atlanta Europe: EUQ
20382.0,Victory Air Transport Inc.: VCQ
20383.0,
20384.0,
20385.0,Air Panama Internacional: OP (1)
20386.0,Pan American World Airways: PA (2)
20387.0,Pan American Airways Corp.: PN 
,Flying Boat Inc.: OP
20389.0,Florida Coastal Airlines: PA
20390.0,Belair Airlines Ltd.: 4T
20391.0,Israir Airlines: 6H
20392.0,Emirates: EK
20393.0,Business Express: HQ (1)
20394.0,Harmony Airways: HQ
20395.0,Sociedad Aeronautica De Med: MM (1)
20396.0,Euro Atlantic Airways: MM
20397.0,PSA Airlines Inc.: OH
20398.0,Envoy Air: MQ
20399.0,Planet Airways: PLQ
20400.0,Capital Cargo International: PT (1)
20401.0,Silver Airways: 3M
20402.0,Miami Air International: GL
20403.0,Discovery Airways Inc.: DH (1)
,INDEPENDENCE AIR: DH
,National Air Cargo Group Inc d/ba National Airlines: N8
20406.0,NetJets Large Aircraft Company L.L.C.: BNQ
20407.0,"Regions Air, Inc.: 3C"
20408.0,Tatonduk Outfitters Limited d/b/a Everts Air Alaska and Everts Air Cargo: 5V
20409.0,JetBlue Airways: B6
20410.0,Celtic Tech Jet Ltd.: CSQ
20411.0,Arizona Express: K7
20412.0,Nations Air Express Inc.: N5 (1)
20413.0,Skagway Air Service: N5
20414.0,Executive Airlines: OW
20415.0,North American Airlines: NA
20416.0,
20417.0,Comair Inc.: OH (1)
20418.0,Chautauqua Airlines Inc.: RP
20419.0,AEROLINEAS NICARAGUENSES: RL (1)
20420.0,UltrAir: RL
20421.0,Sky King Inc.: SLQ
20422.0,Sun Country Airlines d/b/a MN Airlines: SY
20423.0,USA 3000 Airlines: U5
,"Grand Canyon Airlines, Inc. d/b/a Grand Canyon Airlines d/b/a Scenic Airlines: YR"
,Viscount Air Service Inc.: VIQ (1)
20426.0,Vieques Air Link Inc.: VI
20427.0,
20428.0,Volga-Dnepr Airlines: VIQ
20429.0,Aero Laguna S.A. De C.V.: AVQ
20430.0,Aerodan S.A. De C.V.: AYQ
20431.0,Aero Rentas De Coahuila S.A. De C.V.: BAQ
20432.0,Aerotaxis De Aguascalientes S.A. De C.V.: BDQ 
,Servicios Aeronauticos Z S.A. De C.V.: BIQ
20434.0,Taxirey S.A. De C.V.: BJQ
20435.0,Frontier Airlines Inc. (1): FL (1)
20436.0,Frontier Airlines Inc.: F9
20437.0,AirTran Airways Corporation: FL
20438.0,Air Club International: HB (1)
20439.0,Homer Air: HB
20440.0,Lineas Aereas Del Caribe: LC (1)
20441.0,Legend Airlines: LC (2)
20442.0,Varig Logistica S/A: LC
,Island Air Service: 2O
,Excel Airways: JN
20445.0,"Commutair Aka Champlain Enterprises, Inc.: C5"
20446.0,Aerotransportes Mas De Crga: M7
20447.0,USA JET AIRLINES INC.: U7
20448.0,Shuttle America Corp.: S5
20449.0,Aero-Services-Corporate: WEQ
20450.0,OMEGA AIR HOLDINGS D/B/A FOCUS AIR: F2
20451.0,Transmile Air Service: TH
20452.0,Republic Airline: YX
20453.0,ABX Air Inc: ABX
,"EOS Airlines, Inc.: E0 "
20455.0,Grant Aviation: GV
20456.0,Air Foyle Limited: GS
20500.0,GoJet Airlines LLC d/b/a United Express: G7
20501.0,Morningstar Air Express: MOQ
20502.0,MAXjet: MY
21007.0,"Abaco Air, Ltd.: BZQ"
21008.0,Challenge Air Luftverkehrs GmbH: CAQ
21022.0,"PM Air, LLC: Z3Q"
21029.0,Harris Air Services: HBQ
21035.0,Tyrolean Jet Service: TIQ
21036.0,"Executive Airlines, SL: EAQ"
21040.0,Titan Airways: 02Q
21059.0,TUI Airlines Nederland B.V.: OR
21061.0,Aerounion Aerotransporte de Carga Union SA de CV: 6R
21069.0,"CARGO 360, INC.: GG"
21070.0,Globespan Airways Limited d/b/a Flyglobespan: Y2
21074.0,Arrow Panama: WAP
21080.0,Tradewind Aviation: 04Q
21084.0,LAN Argentina: 4M
21089.0,US Helicopter Corporation: UH
21094.0,"Comlux Aviation, AG: 05Q"
21099.0,"NetJets Transportes Aereos, S.A.: NJE"
21107.0,Etihad Airways: EY
21111.0,"Pacific Airways, Inc.: 3F"
21116.0,Flyjet Limited d/b/a Silverjet: Y7
21117.0,"TravelspanGT, Inc. S.A.: 9T"
21118.0,ZEAL 320: 37
21121.0,Elysair d/b/a L'Avion: A0
21126.0,ANA & JP Express Co. Ltd.: 9N
21131.0,VistaJet Luftfahrtunternehmen GmbH: VSA
21132.0,MASTER TOP LINHAS AEREAS LTD.: 06Q
21134.0,JetClub AG: 0J
21136.0,Flair Airlines Ltd.: 07Q
,"Avior Airlines, C.A.: 9V"
,Flying Service N.V.: 0Q
21148.0,"Master Top Linhas Aereas, Ltda.: Q4"
21158.0,"Global Jet Austria, GmbH: IGA "
21160.0,"Global Jet Luxembourg, Sa: SVW"
21161.0,"Swift Air, LLC d/b/a Eastern Air Lines d/b/a Eastern: 09Q"
21167.0,Compass Airlines: CP
21171.0,Virgin America: VX
21177.0,"Skybus Airlines, Inc.: SX"
21181.0,"Skyservice Airlines, Inc.: 5G"
21186.0,DCA: 0BQ
21192.0,Eurofly S.p.A: GJ
21196.0,
21201.0,Jade Cargo International: JI
21202.0,CAT Aviation: CAZ 
21205.0,"Inter Island Airways, d/b/a Inter Island Air: 0GQ"
21212.0,Polar Airlines de Mexico d/b/a Nova Air: 0HQ
21217.0,Lynx Aviation d/b/a Frontier Airlines: L3
21221.0,Vladivostok Air: XF
21226.0,"Porter Airlines, Inc.: PD"
21231.0,Sunwing Airlines Inc.: WG
21236.0,Vision Airlines: 0JQ
21242.0,"Mokulele Flight Services, Inc.: MW"
21247.0,Star Air A/S: S6
21248.0,"Metropix UK, LLP.: 0LQ"
21253.0,"Multi-Aero, Inc. d/b/a Air Choice One: 0MQ"
21258.0,"Santa Barbara Airlines, C.A: S3"
21261.0,Jet Airways (India) Limited: 9W
21262.0,Qatar Airways (Q.C.S.C): QR
21266.0,Yangtze River Express Airlines Company: Y8
21271.0,Hainan Airlines Company Limited: HU
21281.0,JetAlliance Flugbetriebs d/b/a JAF Airservice: JAG
21287.0,Open Skies: 0OQ
21294.0,Aeromexico Travel: TRA
21302.0,Pan American World Airways Dominicana: 7Q
21306.0,TAG Aviation S.A.: FP
21308.0,TAG Aviation (UK) Ltd.: 0QQ
21309.0,TAG Aviation Espana S.L.: 0RQ
21312.0,"AIR GRECO, INC., D/B/A WINGS AIR: WV"
,"Corporatejets, XXI: 0TQ"
21323.0,AEROSUR: 5L
21326.0,Great Wall Airlines Company Limited: IJ
21331.0,"Comlux Malta, Ltd.: 0UQ"
21342.0,"Aeroenlaces Nacionales, S.A. de C.V. d/b/a VivaAerobus: VB"
21346.0,Ocean Sky (UK) Limited: 0VQ
21351.0,Concesionaria Vuela Compania De Aviacion SA de CV (Volaris): Y4
21352.0,Avjet Corporation: 0WQ
,Jetstar Airways Pty Limited: JQ
21361.0,Air Berlin PLC and CO: AB
21366.0,XL Airways France: SE
21373.0,Aeroservices Executive: BES
21376.0,LAN COLOMBIA: L7
21382.0,Comlux Malta Ltd.: 0YQ
21386.0,Air Excursions LLC: X4
21395.0,Virgin Blue International Airlines t/a V Australia: VA 
21402.0,"Prescott Support Company, Inc.: PM "
21406.0,Acropolis Aviation Ltd.: CRV
21407.0,Swiss Air Ambulance: 10Q
21411.0,Insel Air International B V: 7I
21416.0,Jin Air Co Ltd.: LJ
21421.0,Jet Aviation Business Jets AG: PP
21423.0,Unijet: 12Q
21427.0,AeroLogic GmbH: 3S
21433.0,Airitaly S.P.A.: IG
21434.0,Corsair International: SS 
21437.0,Chartright Air Inc.: 13Q
21438.0,Hapag-Lloyd Executive GmbH: EXC
21439.0,London Air Services Limited: 14Q
21440.0,Air Alsie A/S: 15Q
21447.0,Albinati Aeronautics SA: 17Q
,Skymark Airlines Inc.: BC
21463.0,Aerovias de Intergracian Regional: 4C
21467.0,
21477.0,Via Airlines d/b/a Charter Air Transport: 1AQ
21487.0,AirBridgeCargo Airlines Limited: RU
21492.0,"Eastern Airlines f/k/a Dynamic Airways, LLC: 1BQ"
21503.0,Island Airlines LLC: 1DQ
21507.0,Aerolineas Galapagos S A Aerogal: 2K
21512.0,"Travel Service, a.s. d/b/a SmartWings: QS"
21518.0,"KaiserAir, Inc.: 1EQ"
,Alsek Air: 1FQ
21528.0,Transportes Aeromar S.A de C.V: VW
21532.0,Air Finland Ltd.: OF
21548.0,International Jet Management GmbH: 1HQ
21549.0,Jet link AG: 1IQ
21552.0,TUI Airlines Belgium N.V. d/b/a Jetairfly: TB
21557.0,Sichuan Airlines Co Ltd.: 3U
21562.0,Exec Direct Aviation Services Limited: 1JQ
21567.0,Brussels Airlines N.V.: SN
21568.0,VistaJet Limited: VJT
21569.0,Laudamotion GmbH: LDM
21570.0,Star Marianas Air Inc.: 1SQ
21573.0,Bertelsmann Aviation GmbH: 1LQ
,Air Company Yakutia: R3
21577.0,Rhoades Aviation dba Transair: 1TQ
21578.0,ABC Aerolineas SA de CV dba Interjet: 4O
21579.0,Norwegian Air Shuttle ASA: DY
21580.0,Cargolux Italia SpA: C8
21582.0,"Reeve Air Alaska, LLC: RVQ"
21587.0,Tame Linea Aerea del Ecuador Tme EP: EQ
21589.0,Twin Cities Air Service LLC: 1MQ
21590.0,Gainjet Aviation SA: 1UQ
21592.0,Jeju Air Co Ltd.: 7C
21594.0,Scott Air LLC dba Island Air Express: I4
21596.0,Ultimate JetCharters LLC dba Ultimate Air Shuttle: 1WQ
21597.0,JSC The 224th Flight Unit State Airlines: 1NQ
21598.0,WOW Air ehf: WW
21599.0,Boutique Air: 4B
21601.0,Dassault Falcon Service: 1XQ
21605.0,VRG Linhas Aereas S A: G3
21607.0,Fly Jamaica Airways Limited: OJ
21608.0,
21610.0,Air Canada rouge LP: RV
21611.0,Sky Regional Airlines Inc.: KV
21613.0,Makani Kai Air Charters: 1PQ
21614.0,City Wings Inc dba Seaflight: 1QQ
21615.0,"Air Charter, Inc d/b/a Air Flamenco: 1YQ "
21618.0,Sun Air Express LLC dba Sun Air International: 1RQ
21623.0,SkyBahamas Airlines Ltd.: Q7
21624.0,Jet2.com: LS
21626.0,Dreamjet SAS Dba La Compagnie: B0
21629.0,Western Global: KD
21630.0,Comlux Aruba NV: 1ZQ
21631.0,Orange Air: 20Q
21634.0,Aloha Air Cargo: KH 
21635.0,CFM Inc d/b/a Contour Airlines d/b/a One Jet Shuttle: LF
21636.0,Gem Air LLC: 22Q
21638.0,Azul Linhas Aereas Brazileiras S A: AD
21645.0,Songbird Airways Inc.: 23Q
21646.0,Blue Jet SP Z o o: 24Q
21648.0,SkyGreece Airlines S A: GW
21649.0,Mjet GmbH: 25Q
21650.0,Eastern Airlines Group Inc.: EE
21651.0,Albinati aviation Limited: 26Q 
21652.0,"Jet Aviation Flight Services, Inc.: 27Q"
21653.0,Menagerie Enterprises Inc d/b/a Monarch Air: 28Q
21655.0,Erickson Helicopters: 29Q
21656.0,ABS JETS A.S: 2AQ
21657.0,Air Asia X Berhad dba Airasia X: D7
21659.0,
21660.0,Air Medical Ltd.: 2BQ
21667.0,Oceanair Linhas Aereas S A: O6
21670.0,Fast Colombia SAS d/b/a Viva Colombia: VH
21672.0,Inselair Aruba NV: 8I
21673.0,"J&M Alaska Air Tours, Inc. d/b/a Alaska Air Transit: 2EQ"
21674.0,Compagnie Aerienne Inter Regionale Express dba Air Antilles Express & Air Guyane: 3SD
21677.0,Cebu Air Inc d/b/a Cebu Pacific Air: 5J
21692.0,Azerbaijan Airlines CJSC: J2
21693.0,Cavok Air LLC: 2GQ
21694.0,Silk Way West Airlines: 7L
21697.0,Orenburg Airlines: R2
21702.0,WestJet Encore Ltd.: WR
21707.0,Hong Kong Airlines Limited: HX
21712.0,Elite Airways LLC: 2HQ
21718.0,Delux Public Charter LLC: 2JQ
21728.0,Eurowings GmbH: EW
,Abelag Aviation AG: AAB
21735.0,Longtail Aviation Ltd.: 2KQ
21738.0,Air Serbia: JU
21743.0,Tropic Ocean Airways LLC: 2LQ
21745.0,LIMA NY Corp d/b/a Fly The Whale d/b/a Tailwind: 2NQ
21749.0,Talofa Airways Limited: 2OQ
21754.0,21 Air LLC: 2PQ
21760.0,Luxaviation S A: 2RQ
21764.0,Trans Northern Airways d/b/a Air Unlimited Charter Services: 2TQ
21770.0,"Xiamen Airlines Co., Ltd.: MF"
,"Air Philippines Corp d/b/a Airphil Express, Philippines Airlines: 2P"
21780.0,
21781.0,Eastar Jet Co Ltd.: ZE
21785.0,Hong Kong Express Airways Limited: UO
21809.0,"Maine Aviation Aircraft Charter, LLC: 0FQ"
21814.0,Svenskt Industriflyg AB: 2UQ
21820.0,"Paklook Air, Inc d/b/a/ Airlift Alaska d/b/a/ Yute Commuter Service: K2"
,
21823.0,Norwegian Air International Ltd.: D8
21835.0,"Public Charters, Inc. d/b/a North Country Sky d/b/a Regional Sky d/b/a Texas Sky: 30Q"
21854.0,"Polaris Aviation Solutions, LLC: 34Q"
21860.0,Scoot Tigerair Pte Ltd d/b/a Scoot: TR
21864.0,"Aztec Worldwide Airlines, Inc.  d/b/a  Aztec Airways: 35Q"
21869.0,Air Hamburg Luftverkehrsgesellschaft mbH: 36Q
21875.0,"Hillwood Airways, LLC  f/k/a   ATX Air Services, LLC: 37Q"
21879.0,Key Lime Air Corporation: 38Q
21889.0,Evelop Airlines SL: E9
21894.0,"ADVANCED AIR, LLC: AN"
21909.0,"MARITIME HELICOPTERS, INC.: 3AQ"
21919.0,Flying Group Lux S.A.: FYQ
21924.0,Norwegian Air UK Limited: DI
21934.0,Arubaanse Luchtvaart Maatschappij NV dba Aruba Airlines: AG
21939.0,Primera Air Scandinavia: PF
21944.0,"Nealco Air Charter Services, Inc.  d/b/a  Watermakers Air: 3BQ"
21949.0,Kenya Airways PLC: KQ
21954.0,Glock Aviation GmbH: GCQ
21959.0,"Andrew Airways, Inc.: 3CQ"
21964.0,"Rectrix Aviation, Inc.: 3DQ"
21969.0,Tantalus Air Ltd. d/b/a Harbour Air d/b/a Harbour Air Seaplanes: R0
21974.0,"SCOTT AVIATION, LLC  D/B/A  SILVER AIR: 3EQ"
21979.0,"Western Air Charter, Inc.  d/b/a  Jet Edge: 3FQ"
21985.0,
21995.0,Luxaviation Germany GmbH: LXQ 
22001.0,
22002.0,OPENSKIES SAS: LV
22005.0,"Aviateca, S.A.: GU"
22010.0,FAI rent-a-jet AG: IFQ
22016.0,TAG Aviation (Malta) Ltd.: TEQ
22020.0,"Gestair, S.A.: GEQ"
22025.0,Skyfirst Limited: KFQ
22030.0,French bee: BF
22035.0,Laudamotion Executive: LDQ
22036.0,ACE BELGIUM FREIGHTERS S.A.: X7
22041.0,CLAIRMONT HOLDINGS d/b/a VI AIRLINK: V6
22043.0,"Airgate Aviation, Inc.: 3AA"
20126.0,Laker Airways: GKQ
19206.0,Copper State Airlines: GOF
19086.0,American Flag Airlines Inc.: AFA
19508.0,Union De Transports Aeriens: UT
20228.0,SUNCOAST AIRLINES INC.: WS (1)
19227.0,Indo-Pacific International: IPI
20226.0,Spernak Airways Inc.: SNK
19258.0,New Born Wings Inc.: NEB
21601.0,Dassault Falcon Service: 1XQ
19085.0,Astec Air East Inc.: AEC
21587.0,Tame Linea Aerea del Ecuador Tme EP: EQ
21421.0,JET AVIATION BUSINESS JETS AG: PP
19482.0,Air Niugini: NUQ
19812.0,
21889.0,Evelop Airlines SL: E9
22016.0,TAG Aviation (Malta) Ltd.: TEQ
20141.0,Austin Express Inc.: AUX 
19202.0,Golden Carriage Aire: GCA
20039.0,Four Star Aviation: FRS
19944.0,Airvantage: AVG
19918.0,Gulf Air Taxi: GAT
19492.0,Skycharter (Malton) Ltd.: SJQ
19688.0,Midway Express Airlines: 2M 
,Dan Air Services: DA
19773.0,
20403.0,Discovery Airways Inc.: DH (1)
19209.0,Gull Air Inc.: GUL
19707.0,Eastern Air Lines Inc.: EA
19406.0,
19266.0,Lake State Airways: NUM
20446.0,Aerotransportes Mas De Crga: M7
20209.0,Air Japan Co: NQ
20069.0,Dolphin Express: DXA
,Air Europe S.P.A.: PE
,"Avior Airlines, C.A.: 9V"
21577.0,Rhoades Aviation dba Transair: 1TQ
19477.0,North Cariboo Flying Serv.: NFQ
19356.0,Trans Air Inc.: TIA
19506.0,Intair: ND
19135.0,Burlington Airways Inc.: BUR
19853.0,Airlift International: ARD
21718.0,Delux Public Charter LLC: 2JQ
19879.0,Columbia Pacific Airlines: CLB
21281.0,JetAlliance Flugbetriebs d/b/a JAF Airservice: JAG
19448.0,Air Caravane Inc.: AEQ
21809.0,"MAINE AVIATION AIRCRAFT CHARTER, LLC: 0FQ"
,Air Atlantic Dominicana: LU
20002.0,Morris Air Corporation: KN
20406.0,NetJets Large Aircraft Company L.L.C.: BNQ
20254.0,Colgan Air: 9L
,Kitty Hawk Aircargo: KR
20190.0,Southern Air Inc.: 9S
21512.0,"Travel Service, a.s. d/b/a SmartWings: QS"
19580.0,Ladeco: UC
20062.0,Island Air Charters: ICH 
19568.0,Alia-(The) Royal Jordanian: RJ
20225.0,Peninsula Airways Inc.: KS
19438.0,Burlington Northern Inc.: XAI
19518.0,Lufthansa Cargo Airlines: GE
19618.0,
19466.0,Tradewinds Airways Ltd.: IKQ
19415.0,Pinehurst Airlines Inc.: PHR
20365.0,Aviation Concepts: CZQ
19606.0,MINUTEMAN AVIATION INC.: MIN
19407.0,Airgo Inc.: AIG
19065.0,Air Micronesia Inc.: AJ 
20284.0,Express.Net Airlines: TCQ
21764.0,TRANS NORTHERN AIRWAYS D/B/A AIR UNLIMITED CHARTER SERVICES: 2TQ
20074.0,Renown Aviation: REQ
19614.0,AEROSERVICIOS ECUATORIANOS: EOQ
,Flying Boat Inc.: OP
20211.0,Trans World Airways LLC: TW
20400.0,Capital Cargo International: PT (1)
20319.0,Smokey Bay Air Inc.: 2E
19938.0,Dawn Air: DWN
19919.0,Adirondack Airlines: ADR
19390.0,Air California Inc.: OC
20219.0,Village Aviation: VLA
19427.0,Aeronaves De Puerto Rico: XBQ
19346.0,Tejas Airlines Inc.: TAL
19739.0,Prime Air Inc.: PRM
19490.0,Aerotransportes Entre Rios: RSQ
19190.0,Young Flying Service: FBI
